"Trade Id"	Market	"Opened Datetime"	"Closed Datetime"	Quantity	"Opened Price"	"Closed Price"	Result	Swap	Income
07101627-0000-5552-0000-000080d4514a	"Germany 40"	"2023-08-29 07:00:21"		-2	15832,1	0	0	0	0
07101627-0000-5552-0000-000080d4330a	"Germany 40"	"2023-08-28 13:53:38"		-2	15780,7	0	0	-0,5	-0,5
07101627-0000-5552-0000-000080d43249	"Germany 40"	"2023-08-28 13:49:08"	"2023-08-28 16:13:18"	2	15789,7	15800,1	20,8	0	20,8
07101627-0000-5552-0000-000080d12e57	"Germany 40"	"2023-08-17 15:45:07"	"2023-08-24 06:55:31"	4	15671,9	15828	488,8	-112,89	375,91
07101627-0000-5552-0000-000080d31074	"Germany 40"	"2023-08-24 19:26:53"	"2023-08-28 13:15:35"	2	15592,9	15760,2	334,6	-25,65	308,95
07101627-0000-5552-0000-000080d2cdd6	"Germany 40"	"2023-08-24 06:44:13"	"2023-08-24 07:35:51"	-2	15815	15830	-30	0	-30
07101627-0000-5552-0000-000080cf33a3	"Germany 40"	"2023-08-11 08:08:36"	"2023-08-24 07:06:08"	2	15879,5	15888,5	18	-81,5	-63,5
07101627-0000-5552-0000-000080d00337	"Germany 40"	"2023-08-14 02:12:42"	"2023-08-24 06:50:06"	2	15804,2	15836	63,6	-62,54	1,06
07101627-0000-5552-0000-000080d0751c	"Germany 40"	"2023-08-15 09:54:13"	"2023-08-22 11:48:52"	2	15759,9	15785,1	50,4	-43,63	6,77
07101627-0000-5552-0000-000080d07cf2	"Germany 40"	"2023-08-15 10:32:46"	"2023-08-22 11:48:52"	4	15703,9	15785,1	324,8	-87,21	237,59
07101627-0000-5552-0000-000080d17c4f	"Germany 40"	"2023-08-18 13:26:47"	"2023-08-18 13:37:04"	2	15490	15502	24	0	24
07101627-0000-5552-0000-000080d176a9	"Germany 40"	"2023-08-18 12:40:02"	"2023-08-18 12:58:42"	2	15490	15490	0	0	0
07101627-0000-5552-0000-000080d1704f	"Germany 40"	"2023-08-18 11:38:03"	"2023-08-18 11:56:08"	2	15517,7	15518,5	1,6	0	1,6
07101627-0000-5552-0000-000080d15d6e	"Germany 40"	"2023-08-18 08:21:01"	"2023-08-18 10:05:06"	2	15554,6	15595,2	81,2	0	81,2
07101627-0000-5552-0000-000080d15314	"Germany 40"	"2023-08-18 07:34:41"	"2023-08-18 07:36:18"	2	15549,6	15550,6	2	0	2
07101627-0000-5552-0000-000080d0f0a2	"Germany 40"	"2023-08-17 00:18:58"	"2023-08-17 15:38:52"	4	15672,4	15672,9	2	0	2
07101627-0000-5552-0000-000080cf0741	"Germany 40"	"2023-08-10 15:06:57"	"2023-08-10 15:42:00"	-2	15998,3	15979,3	38	0	38
07101627-0000-5552-0000-000080cee9d6	"Germany 40"	"2023-08-10 11:46:48"	"2023-08-10 13:48:01"	2	15894,7	16000,2	211	0	211
07101627-0000-5552-0000-000080ced309	"Germany 40"	"2023-08-10 07:34:48"	"2023-08-10 07:58:05"	-2	16002,1	15949,1	106	0	106
07101627-0000-5552-0000-000080ced1bd	"Germany 40"	"2023-08-10 07:30:32"	"2023-08-10 07:31:08"	-2	16000,1	16001,6	-3	0	-3
07101627-0000-5552-0000-000080ce9cfb	"Germany 40"	"2023-08-09 12:09:03"	"2023-08-10 07:19:42"	2	15926,8	15985,1	116,6	-6,34	110,26
07101627-0000-5552-0000-000080cec7fb	"Germany 40"	"2023-08-10 06:51:43"	"2023-08-10 06:59:59"	-2	15911,6	15899,6	24	0	24
07101627-0000-5552-0000-000080cea73d	"Germany 40"	"2023-08-09 13:46:32"	"2023-08-09 15:14:58"	-2	15897,3	15859,9	74,8	0	74,8
07101627-0000-5552-0000-000080cea360	"Germany 40"	"2023-08-09 13:03:17"	"2023-08-09 13:06:03"	-2	15875,3	15873,3	4	0	4
07101627-0000-5552-0000-000080ce9d1f	"Germany 40"	"2023-08-09 12:11:20"	"2023-08-09 12:52:02"	-2	15928,3	15874,8	107	0	107
07101627-0000-5552-0000-000080ce4f9e	"Germany 40"	"2023-08-08 13:07:14"	"2023-08-09 09:02:57"	4	15729,1	15980,1	1004	-12,62	991,38
07101627-0000-5552-0000-000080ce03ad	"Germany 40"	"2023-08-08 01:27:23"	"2023-08-09 09:02:57"	4	15949,8	15980,1	121,2	-12,62	108,58
07101627-0000-5552-0000-000080cdf5f7	"Germany 40"	"2023-08-07 15:35:45"	"2023-08-08 01:27:36"	-2	15950,3	15947,8	5	-0,64	4,36
07101627-0000-5552-0000-000080cdb726	"Germany 40"	"2023-08-07 07:00:01"	"2023-08-07 19:56:07"	2	15884,6	15985,3	201,4	0	201,4
07101627-0000-5552-0000-000080cd6446	"Germany 40"	"2023-08-04 08:34:46"	"2023-08-04 14:50:10"	2	15914,4	15936,7	44,6	0	44,6
07101627-0000-5552-0000-000080cd7717	"Germany 40"	"2023-08-04 11:30:09"	"2023-08-04 12:45:53"	2	15819,4	15831,4	24	0	24
07101627-0000-5552-0000-000080ccf178	"Germany 40"	"2023-08-03 07:02:54"	"2023-08-03 07:12:51"	2	15875	15877,3	4,6	0	4,6
07101627-0000-5552-0000-000080cccd24	"Germany 40"	"2023-08-02 14:38:10"	"2023-08-02 14:38:27"	-4	16050,5	16042,5	32	0	32
07101627-0000-5552-0000-000080cb3df4	"Germany 40"	"2023-07-27 08:10:01"	"2023-08-02 06:00:10"	-4	16250,2	16099,5	602,8	-7,89	594,91
07101627-0000-5552-0000-000080cb7410	"Germany 40"	"2023-07-27 15:59:35"	"2023-08-02 06:00:10"	-4	16421,2	16099,5	1286,8	-7,89	1278,91
07101627-0000-5552-0000-000080cbe212	"Germany 40"	"2023-07-30 22:40:35"	"2023-08-02 06:00:10"	-2	16502	16099,5	805	-1,31	803,69
07101627-0000-5552-0000-000080cb5b97	"Germany 40"	"2023-07-27 12:45:55"	"2023-08-02 06:00:10"	-2	16350,4	16099,5	501,8	-3,95	497,85
07101627-0000-5552-0000-000080c994a5	"Germany 40"	"2023-07-19 06:21:15"	"2023-07-26 12:51:06"	-2	16205,4	16039,6	331,6	-4,55	327,05
07101627-0000-5552-0000-000080c8beaf	"Germany 40"	"2023-07-13 07:39:17"	"2023-07-26 12:51:06"	-2	16045,4	16039,6	11,6	-8,45	3,15
07101627-0000-5552-0000-000080c6af20	"Germany 40"	"2023-07-04 22:24:00"	"2023-07-12 14:28:19"	2	16043	16032,3	-21,4	-43,83	-65,23
07101627-0000-5552-0000-000080c6eb62	"Germany 40"	"2023-07-06 00:01:51"	"2023-07-12 14:27:37"	2	15898,5	16028,3	259,6	-37,48	222,12
07101627-0000-5552-0000-000080c72711	"Germany 40"	"2023-07-06 13:07:10"	"2023-07-12 14:27:33"	2	15664,7	16028,3	727,2	-37,48	689,72
07101627-0000-5552-0000-000080c73e69	"Germany 40"	"2023-07-06 15:09:45"	"2023-07-12 14:27:30"	2	15502,8	16030,3	1055	-37,48	1017,52
07101627-0000-5552-0000-000080c71bc5	"Germany 40"	"2023-07-06 12:04:29"	"2023-07-11 19:06:10"	2	15739,7	15817,3	155,2	-31,17	124,03
07101627-0000-5552-0000-000080c6f6ab	"Germany 40"	"2023-07-06 07:01:41"	"2023-07-11 19:06:10"	4	15819,7	15817,3	-9,6	-62,3	-71,9
07101627-0000-5552-0000-000080c6b9a2	"Germany 40"	"2023-07-05 07:00:17"	"2023-07-06 00:01:51"	-2	15940,1	15898,5	83,2	-0,64	82,56
07101627-0000-5552-0000-000080c6af16	"Germany 40"	"2023-07-04 22:14:18"	"2023-07-05 06:17:09"	-2	16041,7	15979,6	124,2	0	124,2
07101627-0000-5552-0000-000080c649ea	"Germany 40"	"2023-06-30 17:08:35"	"2023-07-04 09:11:26"	-3	16171,1	16065	318,3	-3,91	314,39
07101627-0000-5552-0000-000080c64a5a	"Germany 40"	"2023-06-30 17:33:50"	"2023-07-04 09:11:26"	-2	16171,1	16065	212,2	-2,6	209,6
07101627-0000-5552-0000-000080c5f9a2	"Germany 40"	"2023-06-29 11:38:37"	"2023-06-29 13:29:07"	-3	15985,3	15939,6	137,1	0	137,1
07101627-0000-5552-0000-000080c4d934	"Germany 40"	"2023-06-22 15:44:26"	"2023-06-29 11:23:11"	2	16001,1	15990,3	-21,6	-44,31	-65,91
07101627-0000-5552-0000-000080c4e599	"Germany 40"	"2023-06-23 06:26:18"	"2023-06-29 11:23:11"	3	15886,1	15990,3	312,6	-56,92	255,68
07101627-0000-5552-0000-000080c505ab	"Germany 40"	"2023-06-23 12:40:01"	"2023-06-29 11:23:11"	3	15780	15990,3	630,9	-56,92	573,98
07101627-0000-5552-0000-000080c4dacd	"Germany 40"	"2023-06-22 16:52:28"	"2023-06-23 01:40:07"	-2	15985,1	15919,3	131,6	-0,64	130,96
07101627-0000-5552-0000-000080c4aa83	"Germany 40"	"2023-06-22 06:37:18"	"2023-06-22 15:43:36"	4	15894,8	15998,1	413,2	0	413,2
07101627-0000-5552-0000-000080bf33f7	"Germany 40"	"2023-06-01 20:02:40"	"2023-06-21 13:07:11"	-2	15880,3	16039,7	-318,8	-14,42	-333,22
07101627-0000-5552-0000-000080c18d78	"Germany 40"	"2023-06-14 09:22:26"	"2023-06-21 13:07:11"	-2	16320,8	16039,7	562,2	-5	557,2
07101627-0000-5552-0000-000080c110cd	"Germany 40"	"2023-06-12 08:01:37"	"2023-06-21 13:07:11"	-2	16101,4	16039,7	123,4	-6,46	116,94
07101627-0000-5552-0000-000080c143f6	"Germany 40"	"2023-06-13 07:01:25"	"2023-06-21 13:07:11"	-2	16200,1	16039,7	320,8	-5,73	315,07
07101627-0000-5552-0000-000080c05a33	"Germany 40"	"2023-06-09 07:54:41"	"2023-06-21 13:07:11"	-2	16000,8	16039,7	-77,8	-8,62	-86,42
07101627-0000-5552-0000-000080c1422f	"Germany 40"	"2023-06-13 06:38:52"	"2023-06-13 06:46:26"	-2	16187,1	16186,6	1	0	1
07101627-0000-5552-0000-000080c1422d	"Germany 40"	"2023-06-13 06:38:50"	"2023-06-13 06:46:26"	-2	16187,1	16186,6	1	0	1
07101627-0000-5552-0000-000080c1039f	"Germany 40"	"2023-06-12 05:18:24"	"2023-06-12 05:28:59"	2	16015,1	16011,6	-7	0	-7
07101627-0000-5552-0000-000080c06220	"Germany 40"	"2023-06-09 09:46:59"	"2023-06-12 00:18:36"	2	15959,8	16000,6	81,6	-19,14	62,46
07101627-0000-5552-0000-000080c0546b	"Germany 40"	"2023-06-09 07:25:56"	"2023-06-09 08:36:03"	2	15957,3	15957,3	0	0	0
07101627-0000-5552-0000-000080c04791	"Germany 40"	"2023-06-08 18:16:25"	"2023-06-09 07:34:34"	-2	15995,8	15943,3	105	-0,72	104,28
07101627-0000-5552-0000-000080c02f0f	"Germany 40"	"2023-06-08 08:34:19"	"2023-06-09 07:34:28"	-2	16000,3	15943,3	114	-0,72	113,28
07101627-0000-5552-0000-000080c01ea3	"Germany 40"	"2023-06-08 03:31:55"	"2023-06-08 10:12:49"	2	15919,6	16000,3	161,4	0	161,4
07101627-0000-5552-0000-000080bfb733	"Germany 40"	"2023-06-06 00:18:14"	"2023-06-08 10:12:49"	2	15919,1	16000,3	162,4	-12,78	149,62
07101627-0000-5552-0000-000080c00c1f	"Germany 40"	"2023-06-07 12:48:16"	"2023-06-08 04:39:35"	-2	15990,4	15897,6	185,6	-0,72	184,88
07101627-0000-5552-0000-000080bff153	"Germany 40"	"2023-06-07 07:01:55"	"2023-06-07 07:41:59"	-2	15976,5	15939	75	0	75
07101627-0000-5552-0000-000080bf65b7	"Germany 40"	"2023-06-02 14:03:16"	"2023-06-06 06:59:20"	-2	16001,1	15919,4	163,4	-2,91	160,49
07101627-0000-5552-0000-000080bf3f4d	"Germany 40"	"2023-06-02 07:03:11"	"2023-06-06 06:59:20"	-2	15945,6	15919,4	52,4	-2,91	49,49
07101627-0000-5552-0000-000080bf5a7f	"Germany 40"	"2023-06-02 11:33:16"	"2023-06-06 06:59:20"	-2	16040,3	15919,4	241,8	-2,91	238,89
07101627-0000-5552-0000-000080bea0b4	"Germany 40"	"2023-05-30 13:31:49"	"2023-06-02 09:19:43"	2	16016,6	16041,7	50,2	-18,99	31,21
07101627-0000-5552-0000-000080bea533	"Germany 40"	"2023-05-30 14:33:34"	"2023-06-02 07:07:30"	2	15969,8	15970,1	0,6	-18,99	-18,39
07101627-0000-5552-0000-000080beaaa6	"Germany 40"	"2023-05-30 15:51:02"	"2023-06-02 07:04:26"	2	15909,8	15956,1	92,6	-18,99	73,61
07101627-0000-5552-0000-000080bec28d	"Germany 40"	"2023-05-31 07:19:28"	"2023-06-02 07:04:22"	2	15795,8	15953,1	314,6	-12,63	301,97
07101627-0000-5552-0000-000080beeb90	"Germany 40"	"2023-05-31 15:38:38"	"2023-06-02 07:03:52"	2	15670,6	15952,6	564	-12,63	551,37
07101627-0000-5552-0000-000080bebc04	"Germany 40"	"2023-05-31 06:44:54"	"2023-05-31 07:18:03"	2	15797,8	15800,3	5	0	5
07101627-0000-5552-0000-000080beb821	"Germany 40"	"2023-05-31 05:52:33"	"2023-05-31 06:44:43"	-2	15835	15800,3	69,4	0	69,4
07101627-0000-5552-0000-000080beb482	"Germany 40"	"2023-05-31 03:36:06"	"2023-05-31 05:33:39"	-2	15860	15850	20	0	20
07101627-0000-5552-0000-000080beaab7	"Germany 40"	"2023-05-30 15:52:25"	"2023-05-31 02:18:58"	-2	15915,3	15875	80,6	-0,72	79,88
07101627-0000-5552-0000-000080bea589	"Germany 40"	"2023-05-30 14:39:16"	"2023-05-30 14:48:05"	-2	15960,3	15939,8	41	0	41
07101627-0000-5552-0000-000080be8d9d	"Germany 40"	"2023-05-30 07:48:18"	"2023-05-30 14:35:54"	-2	15993,6	15965,3	56,6	0	56,6
07101627-0000-5552-0000-000080be9a06	"Germany 40"	"2023-05-30 10:43:24"	"2023-05-30 14:35:54"	-2	16048,6	15965,3	166,6	0	166,6
07101627-0000-5552-0000-000080be60c1	"Germany 40"	"2023-05-28 22:02:05"	"2023-05-30 09:55:01"	2	16051,7	16052,1	0,8	-6,38	-5,58
07101627-0000-5552-0000-000080be8d92	"Germany 40"	"2023-05-30 07:47:31"	"2023-05-30 08:00:58"	2	15997,6	16000,6	6	0	6
07101627-0000-5552-0000-000080be8544	"Germany 40"	"2023-05-30 07:00:33"	"2023-05-30 07:08:08"	-2	15978,1	15978,1	0	0	0
07101627-0000-5552-0000-000080be4f62	"Germany 40"	"2023-05-26 13:49:31"	"2023-05-29 12:37:09"	-2	15932	15927,7	8,6	-2,16	6,44
07101627-0000-5552-0000-000080be60c8	"Germany 40"	"2023-05-28 22:02:05"	"2023-05-29 12:37:09"	-2	16048,7	15927,7	242	0	242
07101627-0000-5552-0000-000080be56ab	"Germany 40"	"2023-05-26 14:58:42"	"2023-05-26 16:27:29"	2	15999,6	16000,1	1	0	1
07101627-0000-5552-0000-000080be4f6e	"Germany 40"	"2023-05-26 13:50:10"	"2023-05-26 13:57:43"	2	15933	15933	0	0	0
07101627-0000-5552-0000-000080be4569	"Germany 40"	"2023-05-26 11:56:44"	"2023-05-26 13:41:02"	2	15851,5	15920	137	0	137
07101627-0000-5552-0000-000080be2976	"Germany 40"	"2023-05-26 07:05:37"	"2023-05-26 11:50:53"	2	15839,7	15845	10,6	0	10,6
07101627-0000-5552-0000-000080be2e72	"Germany 40"	"2023-05-26 07:39:42"	"2023-05-26 11:50:38"	2	15774,7	15841	132,6	0	132,6
07101627-0000-5552-0000-000080be294e	"Germany 40"	"2023-05-26 07:04:26"	"2023-05-26 07:39:42"	-2	15842,7	15774,7	136	0	136
07101627-0000-5552-0000-000080be1f10	"Germany 40"	"2023-05-25 18:07:49"	"2023-05-26 06:31:18"	2	15841,7	15842,2	1	-6,33	-5,33
07101627-0000-5552-0000-000080be1f06	"Germany 40"	"2023-05-25 18:06:11"	"2023-05-26 00:34:42"	-2	15839,2	15798,9	80,6	-0,72	79,88
07101627-0000-5552-0000-000080bdeb7d	"Germany 40"	"2023-05-25 06:05:51"	"2023-05-25 18:00:18"	2	15851,4	15852,2	1,6	0	1,6
07101627-0000-5552-0000-000080bdf5c6	"Germany 40"	"2023-05-25 07:31:10"	"2023-05-25 18:00:18"	2	15779,9	15852,2	144,6	0	144,6
07101627-0000-5552-0000-000080be1914	"Germany 40"	"2023-05-25 15:41:56"	"2023-05-25 15:49:16"	-2	15778,7	15777,2	3	0	3
07101627-0000-5552-0000-000080bdeb82	"Germany 40"	"2023-05-25 06:06:03"	"2023-05-25 07:08:38"	-2	15851,4	15818,9	65	0	65
07101627-0000-5552-0000-000080bc8a6a	"Germany 40"	"2023-05-17 08:44:40"	"2023-05-24 07:19:43"	-3	15957,4	15948,4	27	-7,68	19,32
07101627-0000-5552-0000-000080bc98db	"Germany 40"	"2023-05-17 12:59:58"	"2023-05-24 07:17:56"	-3	15978,3	15969,4	26,7	-7,68	19,02
07101627-0000-5552-0000-000080bd49b4	"Germany 40"	"2023-05-22 07:03:07"	"2023-05-22 07:19:50"	-1	16231,4	16229,9	1,5	0	1,5
07101627-0000-5552-0000-000080bca986	"Germany 40"	"2023-05-17 16:55:18"	"2023-05-22 07:00:36"	-3	16002,4	16249,9	-742,5	-5,49	-747,99
07101627-0000-5552-0000-000080bcc309	"Germany 40"	"2023-05-18 07:27:20"	"2023-05-22 07:00:36"	-2	16106,4	16249,9	-287	-2,95	-289,95
07101627-0000-5552-0000-000080bcad48	"Germany 40"	"2023-05-17 17:34:59"	"2023-05-19 12:17:15"	-1	16020,4	16286,8	-266,4	-0,74	-267,14
07101627-0000-5552-0000-000080bc7052	"Germany 40"	"2023-05-16 22:01:23"	"2023-05-17 08:44:02"	3	15896,9	15957,4	181,5	0	181,5
07101627-0000-5552-0000-000080bc704c	"Germany 40"	"2023-05-16 22:00:00"	"2023-05-17 07:31:32"	-3	15890,3	15856,5	101,4	0	101,4
07101627-0000-5552-0000-000080bc66ef	"Germany 40"	"2023-05-16 15:37:41"	"2023-05-16 15:46:11"	3	15889	15905	48	0	48
07101627-0000-5552-0000-000080bc56dc	"Germany 40"	"2023-05-16 12:00:47"	"2023-05-16 15:37:41"	-3	15939,2	15889	150,6	0	150,6
07101627-0000-5552-0000-000080bc36b8	"Germany 40"	"2023-05-15 19:20:22"	"2023-05-16 07:51:13"	3	15941,3	15960,2	56,7	-9,23	47,47
07101627-0000-5552-0000-000080bc3e3c	"Germany 40"	"2023-05-16 06:59:55"	"2023-05-16 07:32:53"	3	15889,3	15948,3	177	0	177
07101627-0000-5552-0000-000080bc36b7	"Germany 40"	"2023-05-15 19:20:22"	"2023-05-16 06:33:26"	-3	15939,8	15897,3	127,5	-1,4	126,1
07101627-0000-5552-0000-000080bc235d	"Germany 40"	"2023-05-15 12:55:42"	"2023-05-15 16:36:59"	2	15894,7	15920,8	52,2	0	52,2
07101627-0000-5552-0000-000080bc24dc	"Germany 40"	"2023-05-15 13:10:27"	"2023-05-15 16:36:59"	3	15878,7	15920,8	126,3	0	126,3
07101627-0000-5552-0000-000080ba358d	"Germany 40"	"2023-05-12 07:30:19"	"2023-05-15 13:07:42"	-3	15872,3	15879,2	-20,7	-4,2	-24,9
07101627-0000-5552-0000-000080ba4b90	"Germany 40"	"2023-05-12 13:10:04"	"2023-05-15 12:59:37"	-3	15888,3	15888,2	0,3	-4,2	-3,9
07101627-0000-5552-0000-000080bc1bd2	"Germany 40"	"2023-05-15 10:45:05"	"2023-05-15 12:38:27"	-2	15960,4	15899,7	121,4	0	121,4
07101627-0000-5552-0000-000080ba559a	"Germany 40"	"2023-05-12 16:18:11"	"2023-05-15 05:24:13"	3	15900	15935,2	105,6	-27,6	78
07101627-0000-5552-0000-000080ba4f27	"Germany 40"	"2023-05-12 14:13:30"	"2023-05-12 14:15:04"	3	15909	15909	0	0	0
07101627-0000-5552-0000-000080ba4a19	"Germany 40"	"2023-05-12 12:45:38"	"2023-05-12 13:03:03"	3	15903,8	15891,3	-37,5	0	-37,5
07101627-0000-5552-0000-000080ba25d5	"Germany 40"	"2023-05-11 18:38:45"	"2023-05-12 07:30:19"	3	15838,4	15872,3	101,7	-9,18	92,52
07101627-0000-5552-0000-000080ba1104	"Germany 40"	"2023-05-11 13:50:44"	"2023-05-11 16:47:48"	3	15779,5	15842,8	189,9	0	189,9
07101627-0000-5552-0000-000080ba0996	"Germany 40"	"2023-05-11 12:59:43"	"2023-05-11 16:47:45"	2	15830	15842,8	25,6	0	25,6
07101627-0000-5552-0000-000080b9ee08	"Germany 40"	"2023-05-11 07:39:12"	"2023-05-11 11:16:58"	-2	15961,3	15880,9	160,8	0	160,8
07101627-0000-5552-0000-000080b9e50a	"Germany 40"	"2023-05-11 06:40:31"	"2023-05-11 11:12:11"	-2	15907,3	15889,9	34,8	0	34,8
07101627-0000-5552-0000-000080b9e383	"Germany 40"	"2023-05-11 06:06:14"	"2023-05-11 07:01:01"	2	15924,8	15928,3	7	0	7
07101627-0000-5552-0000-000080b9add7	"Germany 40"	"2023-05-10 09:42:57"	"2023-05-10 10:57:52"	2	15912,4	15915,9	7	0	7
07101627-0000-5552-0000-000080b90433	"Germany 40"	"2023-05-05 08:13:29"	"2023-05-10 08:00:19"	-2	15770,2	15877,4	-214,4	-4,7	-219,1
07101627-0000-5552-0000-000080b92c16	"Germany 40"	"2023-05-05 15:00:09"	"2023-05-10 08:00:19"	-4	15945	15877,4	270,4	-9,35	261,05
07101627-0000-5552-0000-000080b92a30	"Germany 40"	"2023-05-05 14:40:30"	"2023-05-05 14:43:22"	-4	15930,5	15923	30	0	30
07101627-0000-5552-0000-000080b8eedd	"Germany 40"	"2023-05-04 20:32:27"	"2023-05-04 20:36:57"	-2	15765,4	15757,7	15,4	0	15,4
07101627-0000-5552-0000-000080b8ee50	"Germany 40"	"2023-05-04 20:03:03"	"2023-05-04 20:26:02"	-4	15738,5	15738,5	0	0	0
07101627-0000-5552-0000-000080b8a815	"Germany 40"	"2023-05-04 07:11:10"	"2023-05-04 07:47:27"	2	15699,9	15763,3	126,8	0	126,8
07101627-0000-5552-0000-000080b898ff	"Germany 40"	"2023-05-03 22:00:01"	"2023-05-04 05:43:20"	4	15718,6	15822,1	414	0	414
07101627-0000-5552-0000-000080b8781c	"Germany 40"	"2023-05-03 13:01:54"	"2023-05-03 14:29:16"	-2	15810,4	15807,4	6	0	6
07101627-0000-5552-0000-000080b86895	"Germany 40"	"2023-05-03 09:38:18"	"2023-05-03 09:43:28"	3	15812,4	15821,4	27	0	27
07101627-0000-5552-0000-000080b867bd	"Germany 40"	"2023-05-03 09:28:50"	"2023-05-03 09:38:04"	-3	15827,9	15811,9	48	0	48
07101627-0000-5552-0000-000080b857cd	"Germany 40"	"2023-05-03 07:36:30"	"2023-05-03 09:23:42"	3	15805,9	15830,9	75	0	75
07101627-0000-5552-0000-000080b850b1	"Germany 40"	"2023-05-03 07:06:40"	"2023-05-03 07:19:52"	-2	15758,9	15802,4	-87	0	-87
07101627-0000-5552-0000-000080b8337b	"Germany 40"	"2023-05-02 14:11:25"	"2023-05-03 07:01:32"	3	15789,9	15772,9	-51	-9,13	-60,13
07101627-0000-5552-0000-000080b837cc	"Germany 40"	"2023-05-02 14:37:52"	"2023-05-02 14:43:47"	-3	15745,3	15744,5	2,4	0	2,4
07101627-0000-5552-0000-000080b7e180	"Germany 40"	"2023-04-28 15:30:53"	"2023-05-02 08:04:22"	-2	15910	15843,5	133	-3,76	129,24
07101627-0000-5552-0000-000080b7d8ba	"Germany 40"	"2023-04-28 14:24:28"	"2023-05-02 08:04:22"	-5	15899	15843,5	277,5	-9,35	268,15
07101627-0000-5552-0000-000080b7a8a0	"Germany 40"	"2023-04-28 08:01:11"	"2023-04-28 12:26:30"	5	15807,7	15808,1	2	0	2
07101627-0000-5552-0000-000080b7abb3	"Germany 40"	"2023-04-28 08:16:51"	"2023-04-28 12:07:03"	2	15777,7	15780,1	4,8	0	4,8
07101627-0000-5552-0000-000080b78e97	"Germany 40"	"2023-04-27 18:32:11"	"2023-04-28 08:01:07"	-5	15860,2	15809,7	252,5	-2,33	250,17
07101627-0000-5552-0000-000080b77e27	"Germany 40"	"2023-04-27 13:42:16"	"2023-04-27 16:04:37"	6	15817,3	15806,2	-66,6	0	-66,6
07101627-0000-5552-0000-000080b76643	"Germany 40"	"2023-04-27 07:52:20"	"2023-04-27 08:07:08"	-6	15788,9	15784,9	24	0	24
07101627-0000-5552-0000-000080b75f74	"Germany 40"	"2023-04-27 07:13:00"	"2023-04-27 07:22:04"	-6	15739,4	15734,9	27	0	27
07101627-0000-5552-0000-000080b75d89	"Germany 40"	"2023-04-27 07:06:43"	"2023-04-27 07:11:28"	6	15717,9	15740,4	135	0	135
07101627-0000-5552-0000-000080b757ad	"Germany 40"	"2023-04-27 04:36:59"	"2023-04-27 06:36:31"	6	15765,1	15770,4	31,8	0	31,8
07101627-0000-5552-0000-000080b75295	"Germany 40"	"2023-04-26 19:35:56"	"2023-04-26 20:19:21"	5	15722,4	15754,9	162,5	0	162,5
07101627-0000-5552-0000-000080b74706	"Germany 40"	"2023-04-26 14:32:23"	"2023-04-26 15:45:07"	-6	15765,4	15798,9	-201	0	-201
07101627-0000-5552-0000-000080b73691	"Germany 40"	"2023-04-26 10:02:15"	"2023-04-26 10:39:19"	-4.69	15773,3	15769,3	18,76	0	18,76
07101627-0000-5552-0000-000080b73657	"Germany 40"	"2023-04-26 10:00:24"	"2023-04-26 10:01:37"	-4.68	15774,8	15770,8	18,72	0	18,72
07101627-0000-5552-0000-000080b72cd8	"Germany 40"	"2023-04-26 08:30:01"	"2023-04-26 09:51:55"	-6	15771,3	15764,8	39	0	39
07101627-0000-5552-0000-000080b72844	"Germany 40"	"2023-04-26 08:06:41"	"2023-04-26 08:25:02"	6	15704,8	15751,8	282	0	282
07101627-0000-5552-0000-000080b72629	"Germany 40"	"2023-04-26 07:56:46"	"2023-04-26 07:59:51"	6	15720,8	15729,8	54	0	54
07101627-0000-5552-0000-000080b71de1	"Germany 40"	"2023-04-26 07:22:24"	"2023-04-26 07:47:49"	6	15780	15728,8	-307,2	0	-307,2
07101627-0000-5552-0000-000080b70523	"Germany 40"	"2023-04-25 15:11:04"	"2023-04-25 15:45:08"	4.61	15881	15875,5	-25,36	0	-25,36
07101627-0000-5552-0000-000080b70256	"Germany 40"	"2023-04-25 14:20:24"	"2023-04-25 15:10:28"	-4.8	15833,5	15878	-213,6	0	-213,6
07101627-0000-5552-0000-000080b6ff2c	"Germany 40"	"2023-04-25 13:35:16"	"2023-04-25 14:15:31"	4.93	15869,3	15837	-159,24	0	-159,24
07101627-0000-5552-0000-000080b6f28e	"Germany 40"	"2023-04-25 08:50:23"	"2023-04-25 13:15:30"	4.97	15850,6	15840,8	-48,71	0	-48,71
07101627-0000-5552-0000-000080b6e8f0	"Germany 40"	"2023-04-25 07:30:40"	"2023-04-25 08:40:05"	-5.2	15808,9	15858,6	-258,44	0	-258,44
07101627-0000-5552-0000-000080b6d815	"Germany 40"	"2023-04-24 17:39:16"	"2023-04-24 18:24:00"	5	15877,9	15871,9	-30	0	-30
07101627-0000-5552-0000-000080b6d271	"Germany 40"	"2023-04-24 14:40:15"	"2023-04-24 15:45:08"	-5.17	15871,9	15863,9	41,36	0	41,36
07101627-0000-5552-0000-000080b6b6e6	"Germany 40"	"2023-04-24 07:40:32"	"2023-04-24 14:35:35"	5.07	15861,3	15885,4	122,19	0	122,19
07101627-0000-5552-0000-000080b67967	"Germany 40"	"2023-04-21 07:35:20"	"2023-04-21 07:52:45"	-5.36	15708,5	15760,2	-277,11	0	-277,11
07101627-0000-5552-0000-000080b65b6c	"Germany 40"	"2023-04-20 13:55:35"	"2023-04-20 15:45:08"	5.19	15766,5	15799,5	171,27	0	171,27
07101627-0000-5552-0000-000080b61269	"Germany 40"	"2023-04-19 09:50:56"	"2023-04-19 11:40:38"	-5.24	15841,3	15857,3	-83,84	0	-83,84
07101627-0000-5552-0000-000080b60dc6	"Germany 40"	"2023-04-19 08:45:17"	"2023-04-19 09:50:18"	5.36	15865,3	15837,3	-150,08	0	-150,08
07101627-0000-5552-0000-000080b5eef7	"Germany 40"	"2023-04-18 14:15:19"	"2023-04-18 15:45:08"	-5.31	15877,9	15867,4	55,76	0	55,76
07101627-0000-5552-0000-000080b5d82d	"Germany 40"	"2023-04-18 08:55:36"	"2023-04-18 14:04:31"	5.15	15835,5	15875,2	204,46	0	204,46
07101627-0000-5552-0000-000080b5d42b	"Germany 40"	"2023-04-18 07:55:31"	"2023-04-18 08:50:16"	-5.26	15811,5	15834,5	-120,98	0	-120,98
07101627-0000-5552-0000-000080b59844	"Germany 40"	"2023-04-17 07:05:34"	"2023-04-17 09:18:33"	0.1	15864,1	15818,1	-4,6	0	-4,6
07101627-0000-5552-0000-000080b503e2	"Germany 40"	"2023-04-12 14:21:17"	"2023-04-12 14:24:31"	-1.18	15707,5	15715	-8,85	0	-8,85
07101627-0000-5552-0000-000080b4f493	"Germany 40"	"2023-04-12 12:35:36"	"2023-04-12 14:20:38"	1.17	15817,5	15702,5	-134,55	0	-134,55
07101627-0000-5552-0000-000080b41477	"Germany 40"	"2023-04-05 07:40:22"	"2023-04-05 11:05:34"	-0.9	15576,2	15569,3	6,21	0	6,21
